danceability,energy,key,loudness,speechiness,acousticness,instrumentalness,liveness,valence,tempo,genre
0.244,0.982,8,-5.079,0.109,4.83E-06,0.905,0.0638,0.196,189.746,death-metal
0.368,0.995,6,-4.894,0.183,1.34E-05,0.849,0.159,0.143,98.04,death-metal
0.227,0.981,6,-5.343,0.145,6.05E-06,0.84,0.0581,0.124,115.207,death-metal
0.265,0.993,8,-4.949,0.173,8.20E-06,0.901,0.13,0.0857,100.688,death-metal
0.348,0.998,2,-5.299,0.208,5.80E-06,0.897,0.161,0.0391,109.997,death-metal
0.197,0.992,1,-5.413,0.127,4.10E-06,0.864,0.171,0.0669,106.864,death-metal
0.387,0.976,8,-4.896,0.0767,6.02E-06,0.864,0.0819,0.306,96.082,death-metal
0.138,0.969,9,-5.345,0.115,8.45E-06,0.912,0.201,0.217,180.141,death-metal
0.327,0.972,1,-5.845,0.0954,4.80E-05,0.894,0.106,0.357,176.099,death-metal
0.182,0.983,2,-4.916,0.163,1.22E-05,0.888,0.173,0.357,103.839,death-metal
0.447,0.997,3,-4.703,0.173,1.58E-05,0.879,0.138,0.131,109.959,death-metal
0.354,0.991,8,-5.389,0.156,6.22E-06,0.925,0.109,0.177,145.976,death-metal
0.24,0.981,8,-5.181,0.119,5.39E-06,0.922,0.0635,0.217,189.803,death-metal
0.368,0.994,6,-5.19,0.183,1.99E-05,0.821,0.221,0.129,98.024,death-metal
0.225,0.98,6,-5.626,0.143,5.84E-06,0.86,0.0653,0.105,115.077,death-metal
0.325,0.992,8,-5.167,0.172,8.36E-06,0.886,0.157,0.0912,100.696,death-metal
0.395,0.998,2,-5.354,0.206,5.75E-06,0.908,0.161,0.0397,110.036,death-metal
0.141,0.992,1,-5.413,0.125,4.17E-06,0.865,0.171,0.0699,159.989,death-metal
0.385,0.974,1,-5.184,0.0751,6.77E-06,0.863,0.0834,0.299,96.021,death-metal
0.139,0.968,9,-5.594,0.122,8.48E-06,0.884,0.2,0.208,180.246,death-metal
0.324,0.972,1,-5.845,0.0958,4.80E-05,0.889,0.106,0.356,176.141,death-metal
0.376,0.984,2,-4.916,0.152,1.23E-05,0.882,0.173,0.112,104.074,death-metal
0.428,0.997,3,-4.999,0.171,1.72E-05,0.87,0.129,0.122,109.942,death-metal
0.344,0.989,8,-5.694,0.153,6.58E-06,0.922,0.134,0.18,146.176,death-metal
0.301,0.997,8,-3.095,0.275,0.00158,0.0748,0.331,0.0371,175.89,death-metal
0.498,0.997,8,-3.298,0.207,0.000249,0.759,0.0586,0.0589,116.053,death-metal
0.367,0.997,1,-2.695,0.228,0.00097,0.0802,0.0776,0.0567,115.024,death-metal
0.495,0.994,1,-2.685,0.189,0.000149,0.491,0.0617,0.135,100.054,death-metal
0.517,0.997,1,-3.075,0.168,0.00064,0.00561,0.332,0.162,102.041,death-metal
0.449,0.989,8,-3.601,0.211,0.00012,0.114,0.28,0.0737,145.876,death-metal
0.311,0.983,8,-3.062,0.227,0.00139,0.0887,0.17,0.0425,196.106,death-metal
0.474,0.997,10,-2.889,0.276,0.000228,0.0163,0.337,0.0649,119.938,death-metal
0.339,0.991,10,-2.403,0.176,0.00384,0.00645,0.574,0.217,113.374,death-metal
0.544,0.996,1,-2.853,0.116,0.000628,0.012,0.18,0.136,105.996,death-metal
0.276,0.997,10,-2.849,0.173,0.00158,0.33,0.301,0.142,114.671,death-metal
0.363,0.994,1,-2.731,0.27,0.000593,0.0102,0.258,0.143,194.019,death-metal
0.19,0.997,8,-6.501,0.16,0.000682,0.161,0.872,0.0338,122.496,death-metal
0.181,0.996,8,-5.941,0.153,0.000802,0.529,0.92,0.0727,134.541,death-metal
0.13,0.994,1,-6.554,0.112,0.000441,0.822,0.349,0.0939,186.461,death-metal
0.165,0.998,7,-5.887,0.139,0.000279,0.597,0.718,0.0288,134.413,death-metal
0.203,0.989,1,-6.156,0.207,5.15E-05,0.774,0.803,0.0393,137.928,death-metal
0.17,0.997,5,-6.102,0.142,7.34E-05,0.785,0.818,0.108,141.199,death-metal
0.218,0.998,2,-5.767,0.149,8.00E-04,0.736,0.949,0.0391,128.754,death-metal
0.143,0.994,2,-5.986,0.108,0.000767,0.28,0.957,0.059,95.461,death-metal
0.224,0.995,6,-5.898,0.176,0.00016,0.522,0.309,0.0685,126.607,death-metal
0.15,0.995,6,-6.892,0.159,0.0011,0.694,0.829,0.0399,92.272,death-metal
0.292,0.989,1,-5.918,0.11,0.00116,0.78,0.107,0.122,79.775,death-metal
0.369,0.961,8,-6.992,0.0576,0.000529,0.462,0.756,0.213,172.041,death-metal
0.19,0.997,8,-6.501,0.16,0.000682,0.161,0.872,0.0338,122.496,death-metal
0.181,0.996,8,-5.941,0.153,0.000802,0.529,0.92,0.0727,134.541,death-metal
0.13,0.994,1,-6.554,0.112,0.000441,0.822,0.349,0.0939,186.461,death-metal
0.165,0.998,7,-5.887,0.139,0.000279,0.597,0.718,0.0288,134.413,death-metal
0.203,0.989,1,-6.156,0.207,5.15E-05,0.774,0.803,0.0393,137.928,death-metal
0.17,0.997,5,-6.102,0.142,7.34E-05,0.785,0.818,0.108,141.199,death-metal
0.218,0.998,2,-5.767,0.149,8.00E-04,0.736,0.949,0.0391,128.754,death-metal
0.143,0.994,2,-5.986,0.108,0.000767,0.28,0.957,0.059,95.461,death-metal
0.224,0.995,6,-5.898,0.176,0.00016,0.522,0.309,0.0685,126.607,death-metal
0.15,0.995,6,-6.892,0.159,0.0011,0.694,0.829,0.0399,92.272,death-metal
0.292,0.989,1,-5.918,0.11,0.00116,0.78,0.107,0.122,79.775,death-metal
0.369,0.961,8,-6.992,0.0576,0.000529,0.462,0.756,0.213,172.041,death-metal
0.413,0.996,6,-4.841,0.173,0.0025,0.596,0.0651,0.27,149.982,death-metal
0.285,0.993,6,-5.266,0.181,8.20E-05,0.679,0.0927,0.0868,117.372,death-metal
0.446,0.977,10,-5.036,0.0781,0.000535,0.472,0.105,0.339,172.059,death-metal
0.263,0.996,10,-4.436,0.136,0.000476,0.269,0.339,0.198,134.886,death-metal
0.491,0.985,1,-4.539,0.0946,1.00E-04,0.833,0.322,0.168,96.069,death-metal
0.209,0.993,6,-5.121,0.33,0.000183,0.823,0.154,0.3,148.154,death-metal
0.251,0.993,10,-4.789,0.238,0.000357,0.605,0.31,0.14,100.994,death-metal
0.301,0.968,10,-5.131,0.211,0.000546,0.4,0.0874,0.279,123.912,death-metal
0.283,0.99,6,-5.53,0.144,0.000155,0.597,0.279,0.345,125.869,death-metal
0.515,0.99,1,-5.403,0.0944,0.00121,0.809,0.275,0.457,96.002,death-metal
0.514,0.994,6,-5.741,0.0548,0.00106,0.745,0.395,0.537,107.958,death-metal
0.453,0.991,6,-4.621,0.154,0.00051,0.481,0.0977,0.215,100.091,death-metal
0.324,0.919,1,-9.212,0.057,6.00E-05,0.899,0.353,0.349,79.414,death-metal
0.229,0.941,2,-8.955,0.109,2.76E-05,0.334,0.816,0.0691,89.095,death-metal
0.262,0.956,8,-8.161,0.0705,4.43E-05,0.642,0.914,0.0871,103.204,death-metal
0.2,0.897,1,-9.183,0.0701,3.53E-05,0.902,0.965,0.396,94.099,death-metal
0.203,0.96,1,-7.807,0.0796,2.08E-06,0.796,0.659,0.0339,95.996,death-metal
0.316,0.959,11,-7.869,0.0479,5.46E-06,0.917,0.265,0.0614,92.209,death-metal
0.213,0.952,1,-10.323,0.0966,3.51E-05,0.953,0.551,0.328,138.974,death-metal
0.147,0.909,1,-10.135,0.0629,8.31E-06,0.873,0.899,0.347,142.935,death-metal
0.185,0.956,1,-7.879,0.0595,3.41E-06,0.849,0.975,0.166,136.283,death-metal
0.252,0.939,1,-9.506,0.0887,8.20E-06,0.894,0.36,0.0932,127.951,death-metal
0.198,0.935,1,-9.716,0.12,9.86E-06,0.851,0.935,0.209,143.595,death-metal
0.196,0.93,1,-9.844,0.115,1.57E-05,0.914,0.798,0.221,151.143,death-metal
0.255,0.934,1,-8.988,0.0606,1.50E-05,0.91,0.691,0.281,138.897,death-metal
0.206,0.911,1,-9.685,0.0753,1.02E-05,0.875,0.969,0.291,95.454,death-metal
0.28,0.904,1,-10.841,0.0948,0.000252,0.391,0.936,0.228,129.994,death-metal
0.223,0.951,1,-8.729,0.0679,1.50E-05,0.362,0.723,0.0993,125.275,death-metal
0.242,0.93,1,-9.325,0.0913,8.44E-06,0.873,0.492,0.202,127.195,death-metal
0.571,0.996,10,-4.907,0.215,4.93E-05,0.601,0.187,0.0468,94.992,death-metal
0.442,0.999,10,-4.793,0.121,8.64E-05,0.854,0.114,0.077,141.827,death-metal
0.472,0.995,10,-4.876,0.226,0.000478,0.273,0.156,0.191,142.025,death-metal
0.514,0.992,6,-5.503,0.218,0.000129,0.596,0.261,0.121,92.032,death-metal
0.559,0.997,10,-4.931,0.0959,0.000551,0.775,0.268,0.352,112.542,death-metal
0.521,0.991,10,-4.828,0.118,0.000207,0.597,0.0707,0.174,127.763,death-metal
0.509,0.993,10,-4.896,0.171,5.08E-05,0.746,0.231,0.0945,94.897,death-metal
0.291,0.98,1,-5.138,0.153,0.00127,0.091,0.102,0.257,79.792,death-metal
0.551,0.992,1,-5.005,0.168,0.000111,0.552,0.16,0.16,128.018,death-metal
0.548,0.988,10,-4.263,0.203,0.000166,0.305,0.292,0.165,95.093,death-metal
0.495,0.987,10,-5.414,0.177,0.000112,0.191,0.102,0.33,119.79,death-metal
0.714,0.572,10,-5.297,0.0354,0.206,0.00162,0.133,0.826,122.998,electronic
0.645,0.485,6,-8.943,0.0281,0.603,0.0191,0.0914,0.596,148.945,electronic
0.663,0.722,7,-4.399,0.033,0.196,0,0.0981,0.794,90.014,electronic
0.818,0.466,2,-6.01,0.0316,0.639,3.16E-05,0.0805,0.898,133.069,electronic
0.756,0.45,3,-8.688,0.0674,0.636,5.97E-05,0.122,0.824,81.986,electronic
0.664,0.618,0,-6.135,0.0362,0.145,0,0.146,0.632,125.078,electronic
0.524,0.642,0,-6.321,0.0362,0.0417,0,0.1,0.275,127.944,electronic
0.589,0.39,0,-6.973,0.0282,0.0926,0.000197,0.115,0.328,144.946,electronic
0.682,0.836,0,-4.641,0.0404,0.0954,3.40E-05,0.148,0.687,167.977,electronic
0.79,0.593,9,-4.098,0.0356,0.342,0.00013,0.112,0.713,92.004,electronic
0.69,0.499,1,-7.225,0.0331,0.142,0,0.0957,0.634,141.987,electronic
0.511,0.341,10,-8.059,0.0351,0.552,2.42E-05,0.119,0.312,139.005,electronic
0.605,0.74,11,-4.523,0.0484,0.203,0,0.104,0.769,170.052,electronic
0.635,0.79,8,-4.666,0.0287,0.191,0,0.208,0.882,139.98,electronic
0.651,0.762,5,-4.228,0.0296,0.274,0,0.0715,0.744,148.061,electronic
0.64,0.507,5,-7.948,0.0358,0.526,0.0134,0.0724,0.716,180.037,electronic
0.653,0.265,7,-12.092,0.0373,0.887,0.43,0.139,0.395,119.898,electronic
0.671,0.364,6,-10.791,0.039,0.668,0.505,0.11,0.389,130.101,electronic
0.199,0.308,7,-15.579,0.0375,0.0998,0.983,0.258,0.0397,65.614,electronic
0.545,0.737,2,-6.929,0.0336,0.000195,1.46E-06,0.111,0.227,127.989,electronic
0.545,0.862,2,-5.887,0.0402,0.00924,0,0.0939,0.504,91.473,electronic
0.522,0.876,4,-5.172,0.0933,0.00466,0,0.374,0.71,127.966,electronic
0.556,0.596,1,-7.71,0.0314,0.337,0,0.0752,0.371,127.973,electronic
0.77,0.622,8,-5.687,0.0408,0.00429,0,0.251,0.745,118.025,electronic
0.542,0.632,5,-4.427,0.0262,0.00738,0.000731,0.0962,0.393,90.007,electronic
0.519,0.608,4,-7.063,0.0308,0.00944,2.88E-06,0.114,0.199,79.962,electronic
0.639,0.853,1,-3.91,0.028,0.00729,0,0.263,0.762,127.945,electronic
0.617,0.698,0,-6.326,0.0596,0.0504,0,0.153,0.5,128.042,electronic
0.491,0.661,7,-5.722,0.0325,0.0188,0.000232,0.112,0.399,127.939,electronic
0.631,0.634,3,-6.154,0.0302,0.0637,0,0.185,0.327,84.023,electronic
0.625,0.621,7,-5.021,0.0405,0.0295,0,0.134,0.426,127.974,electronic
0.544,0.744,2,-6.892,0.0334,0.000181,1.17E-06,0.114,0.206,127.98,electronic
0.571,0.591,1,-7.741,0.0318,0.393,0,0.0927,0.35,128.061,electronic
0.624,0.697,0,-6.295,0.0573,0.0465,0,0.146,0.552,128.064,electronic
0.546,0.623,5,-4.424,0.0261,0.00853,9.74E-05,0.0936,0.411,90.024,electronic
0.768,0.611,8,-5.674,0.0422,0.00363,0,0.246,0.753,118.022,electronic
0.642,0.852,1,-3.895,0.0281,0.00709,0,0.258,0.777,127.952,electronic
0.505,0.592,4,-7.041,0.032,0.0103,2.58E-06,0.114,0.176,80.018,electronic
0.628,0.621,7,-5.011,0.0403,0.0309,0,0.114,0.41,127.97,electronic
0.631,0.63,3,-6.155,0.0303,0.057,0,0.172,0.365,84.008,electronic
0.663,0.655,7,-5.752,0.0291,0.0173,0.000312,0.15,0.449,128.013,electronic
0.545,0.528,7,-9.695,0.427,0.467,0,0.102,0.549,127.367,electronic
0.485,0.523,1,-9.946,0.31,0.678,0,0.107,0.494,86.6,electronic
0.546,0.524,1,-10.031,0.331,0.457,0,0.159,0.551,129.811,electronic
0.522,0.47,5,-9.508,0.173,0.51,0,0.102,0.476,89.303,electronic
0.655,0.459,8,-8.815,0.382,0.308,0,0.291,0.658,116.298,electronic
0.554,0.52,1,-8.22,0.085,0.517,0,0.275,0.8,124.389,electronic
0.562,0.42,9,-9.06,0.174,0.617,0,0.116,0.579,80.612,electronic
0.591,0.462,7,-8.549,0.331,0.647,0,0.0968,0.691,124.144,electronic
0.588,0.418,8,-10.567,0.312,0.554,0,0.16,0.542,127.828,electronic
0.582,0.452,0,-9.571,0.177,0.457,0,0.172,0.536,126.324,electronic
0.618,0.855,6,-4.417,0.0353,0.00264,3.46E-06,0.114,0.882,126.013,electronic
0.514,0.872,0,-4.94,0.0522,0.0125,0,0.112,0.459,124.019,electronic
0.499,0.931,2,-4.391,0.0537,0.108,0,0.0928,0.54,168.138,electronic
0.59,0.959,1,-3.068,0.038,0.000124,3.32E-06,0.0786,0.78,127.013,electronic
0.572,0.808,11,-5.273,0.041,0.000903,0,0.154,0.86,128.052,electronic
0.677,0.871,9,-5.654,0.21,0.00988,0,0.06,0.907,127.981,electronic
0.56,0.872,3,-4.269,0.14,0.0239,7.52E-06,0.371,0.681,126.053,electronic
0.606,0.854,0,-5.151,0.0524,0.000924,0,0.232,0.468,123.044,electronic
0.542,0.311,10,-10.877,0.0271,0.706,0,0.123,0.236,139.846,electronic
0.644,0.88,1,-5.285,0.0378,0.0199,7.18E-06,0.0584,0.845,128.008,electronic
0.606,0.82,2,-5.649,0.0367,0.0178,0,0.0653,0.767,120.012,electronic
0.546,0.803,1,-5.196,0.0345,0.0584,0,0.0792,0.763,160.032,electronic
0.574,0.981,2,-3.573,0.0485,0.0287,0.000468,0.0697,0.95,140.039,electronic
0.643,0.923,1,-4.498,0.0348,0.228,1.63E-05,0.151,0.548,122.995,electronic
0.573,0.975,8,-4.165,0.0509,0.0487,0.00405,0.0838,0.588,90.008,electronic
0.608,0.699,0,-5.254,0.0266,0.115,0,0.0877,0.659,106.994,electronic
0.596,0.865,0,-5.722,0.0452,0.0135,0.00308,0.0908,0.268,115.008,electronic
0.398,0.476,1,-14.605,0.165,0.542,0,0.191,0.611,102.494,electronic
0.65,0.975,1,-4.85,0.0412,0.0258,1.44E-05,0.0797,0.906,119.989,electronic
0.582,0.588,11,-6.074,0.025,0.31,4.31E-05,0.0446,0.59,160.013,electronic
0.541,0.933,11,-4.36,0.0887,0.012,0,0.0727,0.413,91.97,electronic
0.665,0.769,1,-6.498,0.0335,0.0158,9.90E-06,0.385,0.801,130.006,electronic
0.396,0.725,10,-6.61,0.0334,0.233,1.09E-06,0.0767,0.505,159.931,electronic
0.585,0.614,11,-10.06,0.0361,0.278,1.36E-05,0.121,0.307,135.014,electronic
0.55,0.78,5,-6.35,0.025,0.433,0.0122,0.0895,0.368,110.009,electronic
0.513,0.693,11,-6.594,0.0867,0.2,0,0.0971,0.916,175.026,electronic
0.546,0.803,1,-5.196,0.0345,0.0584,0,0.0792,0.763,160.032,electronic
0.574,0.981,2,-3.573,0.0485,0.0287,0.000468,0.0697,0.95,140.039,electronic
0.643,0.923,1,-4.498,0.0348,0.228,1.63E-05,0.151,0.548,122.995,electronic
0.573,0.975,8,-4.165,0.0509,0.0487,0.00405,0.0838,0.588,90.008,electronic
0.608,0.699,0,-5.254,0.0266,0.115,0,0.0877,0.659,106.994,electronic
0.596,0.865,0,-5.722,0.0452,0.0135,0.00308,0.0908,0.268,115.008,electronic
0.398,0.476,1,-14.605,0.165,0.542,0,0.191,0.611,102.494,electronic
0.65,0.975,1,-4.85,0.0412,0.0258,1.44E-05,0.0797,0.906,119.989,electronic
0.582,0.588,11,-6.074,0.025,0.31,4.31E-05,0.0446,0.59,160.013,electronic
0.541,0.933,11,-4.36,0.0887,0.012,0,0.0727,0.413,91.97,electronic
0.665,0.769,1,-6.498,0.0335,0.0158,9.90E-06,0.385,0.801,130.006,electronic
0.396,0.725,10,-6.61,0.0334,0.233,1.09E-06,0.0767,0.505,159.931,electronic
0.565,0.931,11,-5.067,0.0677,0.0148,0,0.0982,0.329,91.98,electronic
0.546,0.803,1,-5.196,0.0345,0.0584,0,0.0792,0.763,160.032,electronic
0.574,0.981,2,-3.573,0.0485,0.0287,0.000468,0.0697,0.95,140.039,electronic
0.643,0.923,1,-4.498,0.0348,0.228,1.63E-05,0.151,0.548,122.995,electronic
0.573,0.975,8,-4.165,0.0509,0.0487,0.00405,0.0838,0.588,90.008,electronic
0.608,0.699,0,-5.254,0.0266,0.115,0,0.0877,0.659,106.994,electronic
0.596,0.865,0,-5.722,0.0452,0.0135,0.00308,0.0908,0.268,115.008,electronic
0.398,0.476,1,-14.605,0.165,0.542,0,0.191,0.611,102.494,electronic
0.65,0.975,1,-4.85,0.0412,0.0258,1.44E-05,0.0797,0.906,119.989,electronic
0.582,0.588,11,-6.074,0.025,0.31,4.31E-05,0.0446,0.59,160.013,electronic
0.541,0.933,11,-4.36,0.0887,0.012,0,0.0727,0.413,91.97,electronic
0.592,0.879,7,-3.283,0.489,0.0413,0,0.0846,0.842,159.558,hip-hop
0.626,0.859,2,-5.381,0.09,0.08,0,0.105,0.5,86.185,hip-hop
0.689,0.683,4,-6.144,0.326,0.567,9.70E-05,0.302,0.496,142.203,hip-hop
0.639,0.846,5,-4.372,0.255,0.559,1.43E-06,0.482,0.745,84.997,hip-hop
0.521,0.807,5,-6.129,0.287,0.414,0,0.347,0.576,87.508,hip-hop
0.782,0.921,2,-3.607,0.167,0.0155,0,0.122,0.651,99.065,hip-hop
0.468,0.818,8,-6.12,0.378,0.0903,0,0.203,0.433,79.029,hip-hop
0.476,0.674,1,-7.936,0.413,0.019,0.00103,0.193,0.355,76.645,hip-hop
0.773,0.676,7,-9.975,0.291,0.00112,0.000171,0.637,0.225,89.941,hip-hop
0.766,0.679,1,-10.92,0.145,0.00209,0,0.253,0.462,95.012,hip-hop
0.901,0.877,8,-5.747,0.286,0.0656,0.136,0.357,0.438,102.993,hip-hop
0.704,0.727,4,-5.341,0.127,0.0513,5.49E-06,0.24,0.597,78.023,hip-hop
0.731,0.825,8,-3.365,0.285,0.0399,0,0.141,0.441,90.124,hip-hop
0.551,0.492,8,-11.005,0.287,0.51,0,0.351,0.756,115.318,hip-hop
0.681,0.844,5,-3.094,0.256,0.0389,0,0.18,0.57,78.198,hip-hop
0.67,0.861,1,-4.726,0.347,0.1,0,0.158,0.584,89.403,hip-hop
0.599,0.646,4,-6.683,0.235,0.16,0,0.322,0.509,100.134,hip-hop
0.782,0.624,4,-10.195,0.315,0.0123,0.0135,0.0878,0.424,168.083,hip-hop
0.673,0.797,1,-4.78,0.356,0.0659,0,0.122,0.641,165.828,hip-hop
0.594,0.886,9,-4.796,0.358,0.00101,0.000343,0.723,0.268,180.3,hip-hop
0.546,0.898,2,-4.417,0.36,0.0347,0,0.407,0.559,148.683,hip-hop
0.64,0.833,11,-3.151,0.348,0.00483,3.62E-06,0.209,0.534,99.967,hip-hop
0.704,0.762,4,-5.687,0.247,0.000566,0.0383,0.122,0.254,191.959,hip-hop
0.72,0.799,1,-4.206,0.164,0.0471,0,0.493,0.649,157.467,hip-hop
0.705,0.687,4,-11.104,0.224,0.241,0,0.18,0.51,149.761,hip-hop
0.48,0.718,1,-5.304,0.402,0.0182,0.00196,0.177,0.376,75.086,hip-hop
0.846,0.875,7,-3.575,0.22,0.000621,0.000239,0.644,0.198,89.966,hip-hop
0.742,0.88,7,-4.063,0.129,0.00224,0,0.342,0.401,94.997,hip-hop
0.901,0.877,8,-5.747,0.286,0.0656,0.136,0.357,0.438,102.993,hip-hop
0.704,0.727,4,-5.341,0.127,0.0513,5.49E-06,0.24,0.597,78.023,hip-hop
0.661,0.823,8,-3.375,0.303,0.0426,0,0.141,0.435,89.809,hip-hop
0.468,0.754,8,-2.827,0.224,0.47,0,0.198,0.8,114.873,hip-hop
0.683,0.843,10,-3.012,0.252,0.0436,0,0.183,0.581,78.074,hip-hop
0.648,0.857,1,-4.631,0.352,0.098,0,0.158,0.608,89.713,hip-hop
0.599,0.646,4,-6.683,0.235,0.16,0,0.322,0.509,100.134,hip-hop
0.78,0.82,4,-4.25,0.282,0.0122,0.0117,0.104,0.403,168.067,hip-hop
0.658,0.772,1,-4.786,0.357,0.0625,0,0.121,0.663,166.003,hip-hop
0.56,0.895,9,-4.737,0.369,0.00124,0.000214,0.723,0.277,180.447,hip-hop
0.546,0.898,2,-4.417,0.36,0.0347,0,0.407,0.559,148.683,hip-hop
0.64,0.833,11,-3.151,0.348,0.00483,3.62E-06,0.209,0.534,99.967,hip-hop
0.699,0.763,4,-5.664,0.247,0.000548,0.0325,0.122,0.232,191.932,hip-hop
0.72,0.799,1,-4.206,0.164,0.0471,0,0.493,0.649,157.467,hip-hop
0.701,0.861,4,-4.948,0.27,0.18,0,0.268,0.528,149.945,hip-hop
0.48,0.718,1,-5.304,0.402,0.0182,0.00196,0.177,0.376,75.086,hip-hop
0.846,0.875,7,-3.575,0.22,0.000621,0.000239,0.644,0.198,89.966,hip-hop
0.742,0.88,7,-4.063,0.129,0.00224,0,0.342,0.401,94.997,hip-hop
0.901,0.877,8,-5.747,0.286,0.0656,0.136,0.357,0.438,102.993,hip-hop
0.704,0.727,4,-5.341,0.127,0.0513,5.49E-06,0.24,0.597,78.023,hip-hop
0.661,0.823,8,-3.375,0.303,0.0426,0,0.141,0.435,89.809,hip-hop
0.468,0.754,8,-2.827,0.224,0.47,0,0.198,0.8,114.873,hip-hop
0.683,0.843,10,-3.012,0.252,0.0436,0,0.183,0.581,78.074,hip-hop
0.704,0.896,1,-3.066,0.335,0.0913,0,0.112,0.661,90.141,hip-hop
0.599,0.646,4,-6.683,0.235,0.16,0,0.322,0.509,100.134,hip-hop
0.78,0.82,4,-4.25,0.282,0.0122,0.0117,0.104,0.403,168.067,hip-hop
0.658,0.772,1,-4.786,0.357,0.0625,0,0.121,0.663,166.003,hip-hop
0.56,0.895,9,-4.737,0.369,0.00124,0.000214,0.723,0.277,180.447,hip-hop
0.546,0.898,2,-4.417,0.36,0.0347,0,0.407,0.559,148.683,hip-hop
0.64,0.833,11,-3.151,0.348,0.00483,3.62E-06,0.209,0.534,99.967,hip-hop
0.699,0.763,4,-5.664,0.247,0.000548,0.0325,0.122,0.232,191.932,hip-hop
0.72,0.799,1,-4.206,0.164,0.0471,0,0.493,0.649,157.467,hip-hop
0.701,0.861,4,-4.948,0.27,0.18,0,0.268,0.528,149.945,hip-hop
0.476,0.674,1,-7.936,0.413,0.019,0.00103,0.193,0.355,76.645,hip-hop
0.773,0.676,7,-9.975,0.291,0.00112,0.000171,0.637,0.225,89.941,hip-hop
0.766,0.679,1,-10.92,0.145,0.00209,0,0.253,0.462,95.012,hip-hop
0.901,0.877,8,-5.747,0.286,0.0656,0.136,0.357,0.438,102.993,hip-hop
0.704,0.727,4,-5.341,0.127,0.0513,5.49E-06,0.24,0.597,78.023,hip-hop
0.731,0.825,8,-3.365,0.285,0.0399,0,0.141,0.441,90.124,hip-hop
0.551,0.492,8,-11.005,0.287,0.51,0,0.351,0.756,115.318,hip-hop
0.681,0.844,5,-3.094,0.256,0.0389,0,0.18,0.57,78.198,hip-hop
0.67,0.861,1,-4.726,0.347,0.1,0,0.158,0.584,89.403,hip-hop
0.599,0.646,4,-6.683,0.235,0.16,0,0.322,0.509,100.134,hip-hop
0.782,0.624,4,-10.195,0.315,0.0123,0.0135,0.0878,0.424,168.083,hip-hop
0.673,0.797,1,-4.78,0.356,0.0659,0,0.122,0.641,165.828,hip-hop
0.594,0.886,9,-4.796,0.358,0.00101,0.000343,0.723,0.268,180.3,hip-hop
0.546,0.898,2,-4.417,0.36,0.0347,0,0.407,0.559,148.683,hip-hop
0.64,0.833,11,-3.151,0.348,0.00483,3.62E-06,0.209,0.534,99.967,hip-hop
0.704,0.762,4,-5.687,0.247,0.000566,0.0383,0.122,0.254,191.959,hip-hop
0.72,0.799,1,-4.206,0.164,0.0471,0,0.493,0.649,157.467,hip-hop
0.705,0.687,4,-11.104,0.224,0.241,0,0.18,0.51,149.761,hip-hop
0.518,0.924,4,-4.286,0.43,0.245,0,0.543,0.635,92.477,hip-hop
0.551,0.742,2,-6.882,0.159,0.271,1.22E-06,0.0985,0.167,148.138,hip-hop
0.863,0.647,6,-8.247,0.244,0.17,7.27E-05,0.25,0.429,119.99,hip-hop
0.647,0.934,11,-4.656,0.268,0.31,0,0.737,0.267,88.071,hip-hop
0.574,0.784,7,-5.267,0.383,0.13,0,0.302,0.611,176.016,hip-hop
0.568,0.791,8,-5.492,0.282,0.605,0,0.37,0.721,78.732,hip-hop
0.749,0.693,7,-7.685,0.353,0.0976,0,0.114,0.497,93.982,hip-hop
0.331,0.726,7,-6.28,0.112,0.419,0,0.466,0.336,168.736,hip-hop
0.63,0.828,9,-3.816,0.185,0.134,0,0.101,0.497,90.09,hip-hop
0.686,0.855,9,-4.34,0.322,0.694,0,0.328,0.72,82.013,hip-hop
0.492,0.692,2,-7.33,0.423,0.643,1.53E-05,0.636,0.318,169.794,hip-hop
0.557,0.826,7,-5.738,0.288,0.0376,0,0.101,0.483,81.939,hip-hop
0.546,0.765,3,-5.358,0.213,0.189,0,0.121,0.461,95.037,hip-hop
0.474,0.736,5,-6.634,0.394,0.498,5.14E-06,0.124,0.71,83.994,hip-hop
0.649,0.765,9,-6.724,0.188,0.37,1.22E-06,0.328,0.641,95.514,hip-hop
0.484,0.913,4,-4.631,0.444,0.333,0,0.589,0.621,92.715,hip-hop
0.565,0.729,2,-7.007,0.18,0.255,1.25E-06,0.0963,0.165,148.342,hip-hop
0.873,0.651,6,-8.411,0.236,0.216,6.63E-05,0.303,0.432,119.988,hip-hop
0.634,0.922,11,-4.885,0.283,0.291,0,0.675,0.34,88.006,hip-hop
0.772,0.754,7,-5.588,0.334,0.12,0,0.231,0.646,88,hip-hop
0.609,0.763,7,-5.648,0.3,0.629,0,0.315,0.742,78.061,hip-hop
0.235,0.118,3,-20.222,0.0318,0.98,0.888,0.125,0.185,167.29,piano
0.264,0.147,2,-16.366,0.0386,0.987,0.886,0.1,0.0779,77.914,piano
0.509,0.126,3,-22.956,0.0359,0.995,0.942,0.121,0.34,72.702,piano
0.262,0.14,7,-20.472,0.0399,0.985,0.909,0.0971,0.295,172.492,piano
0.314,0.0165,2,-26.566,0.0491,0.992,0.905,0.0702,0.0549,120.454,piano
0.383,0.139,0,-21.183,0.0455,0.986,0.929,0.0857,0.0618,125.62,piano
0.367,0.152,8,-15.992,0.0315,0.971,0.831,0.0955,0.216,150.17,piano
0.554,0.441,9,-15.428,0.0312,0.936,0.871,0.105,0.473,103,piano
0.379,0.122,8,-18.24,0.0411,0.978,0.894,0.117,0.217,139.296,piano
0.318,0.201,4,-17.851,0.0325,0.967,0.886,0.0782,0.134,178.141,piano
0.246,0.0715,2,-22.533,0.0513,0.994,0.931,0.0748,0.122,52.902,piano
0.447,0.256,0,-18.275,0.0334,0.984,0.902,0.104,0.382,170.978,piano
0.485,0.161,7,-19.004,0.039,0.985,0.926,0.153,0.161,85.216,piano
0.583,0.0934,0,-23.634,0.0543,0.995,0.92,0.08,0.164,79.971,piano
0.416,0.0824,0,-19.104,0.0322,0.985,0.89,0.075,0.114,90.305,piano
0.354,0.0941,0,-24.202,0.0304,0.973,0.877,0.124,0.148,59.741,piano
0.338,0.102,7,-18.829,0.04,0.994,0.882,0.134,0.183,177.11,piano
0.365,0.0334,6,-25.391,0.0327,0.994,0.652,0.242,0.189,101.478,piano
0.323,0.0926,4,-18.76,0.0391,0.992,0.757,0.108,0.109,75.663,piano
0.507,0.015,5,-24.608,0.0488,0.996,0.917,0.12,0.205,65.293,piano
0.432,0.0112,9,-23.53,0.0542,0.996,0.889,0.0798,0.183,71.291,piano
0.279,0.0412,2,-23.877,0.0395,0.99,0.413,0.109,0.0536,69.616,piano
0.125,0.00774,0,-31.637,0.0454,0.987,0.764,0.112,0.036,171.38,piano
0.278,0.0164,6,-32.009,0.0308,0.939,0.664,0.0863,0.0556,68.464,piano
0.19,0.0137,0,-26.039,0.0313,0.986,0.153,0.104,0.0577,92.794,piano
0.111,0.064,8,-24.548,0.0464,0.995,0.906,0.122,0.132,65.986,piano
0.273,0.0534,2,-21.611,0.0332,0.99,0.814,0.0869,0.0789,65.34,piano
0.489,0.0296,4,-23.054,0.0328,0.993,0.879,0.142,0.11,100.174,piano
0.276,0.0595,2,-18.718,0.0328,0.983,0.649,0.106,0.0518,74.962,piano
0.447,0.0554,3,-20.1,0.0312,0.99,0.905,0.141,0.0925,80.017,piano
0.395,0.0237,4,-22.432,0.0509,0.993,0.895,0.084,0.157,135.484,piano
0.299,0.00646,9,-26.385,0.0608,0.994,0.903,0.0624,0.0699,80.128,piano
0.293,0.0324,8,-23.038,0.0304,0.982,0.574,0.169,0.0395,139.369,piano
0.175,0.131,1,-18.923,0.034,0.887,0.866,0.114,0.371,85.648,piano
0.379,0.105,10,-21.116,0.0362,0.991,0.918,0.0926,0.0734,150.474,piano
0.277,0.151,8,-19.744,0.0439,0.981,0.892,0.0959,0.062,165.344,piano
0.519,0.165,0,-19.028,0.0317,0.991,0.947,0.136,0.224,100.055,piano
0.286,0.13,1,-18.939,0.0396,0.981,0.947,0.119,0.219,79.816,piano
0.453,0.0452,8,-27.344,0.0446,0.993,0.936,0.0975,0.093,132.226,piano
0.448,0.111,10,-20.606,0.0353,0.991,0.898,0.0974,0.0755,74.76,piano
0.476,0.0636,8,-24.648,0.0373,0.992,0.956,0.119,0.0848,139.994,piano
0.232,0.142,7,-19.339,0.0415,0.988,0.895,0.113,0.297,169.835,piano
0.358,0.134,6,-19.926,0.0407,0.988,0.886,0.13,0.102,160.947,piano
0.161,0.17,5,-17.838,0.0349,0.957,0.885,0.115,0.0599,180.633,piano
0.424,0.0523,4,-25.235,0.0513,0.994,0.921,0.1,0.144,137.966,piano
0.338,0.201,1,-18.423,0.0362,0.945,0.895,0.0871,0.208,169.901,piano
0.228,0.252,7,-14.994,0.0336,0.947,0.949,0.102,0.0994,97.543,piano
0.324,0.163,10,-15.292,0.0302,0.984,0.907,0.129,0.139,80.151,piano
0.28,0.184,11,-18.137,0.0481,0.98,0.878,0.1,0.0604,165.454,piano
0.502,0.0655,5,-20.191,0.039,0.982,0.904,0.101,0.0914,135.026,piano
0.29,0.191,4,-19.107,0.0377,0.99,0.891,0.101,0.219,165.536,piano
0.344,0.119,0,-18.937,0.0517,0.989,0.887,0.109,0.397,159.471,piano
0.497,0.152,7,-15.576,0.0599,0.991,0.9,0.0924,0.193,76.993,piano
0.362,0.139,0,-19.261,0.0509,0.991,0.912,0.115,0.232,115.203,piano
0.386,0.0246,10,-20.018,0.0621,0.993,0.926,0.0866,0.272,67.987,piano
0.265,0.141,8,-16.086,0.0515,0.989,0.903,0.0962,0.121,70.371,piano
0.273,0.169,10,-15.694,0.0473,0.987,0.92,0.103,0.192,67.885,piano
0.286,0.139,0,-21.685,0.037,0.99,0.844,0.101,0.24,159.897,piano
0.286,0.254,4,-15.512,0.0466,0.981,0.871,0.101,0.0614,90.037,piano
0.273,0.179,5,-16.714,0.0458,0.99,0.906,0.0769,0.246,161.84,piano
0.292,0.221,4,-15.866,0.0394,0.987,0.863,0.071,0.135,156.953,piano
0.343,0.0511,11,-18.214,0.0703,0.994,0.867,0.0856,0.366,41.762,piano
0.339,0.141,5,-17.776,0.0461,0.994,0.902,0.0889,0.169,149.518,piano
0.319,0.175,4,-16.965,0.0525,0.986,0.92,0.145,0.194,78.992,piano
0.303,0.171,9,-15.591,0.0567,0.98,0.924,0.12,0.443,163.065,piano
0.357,0.0983,8,-17.589,0.0591,0.984,0.862,0.111,0.276,81.422,piano
0.495,0.103,10,-19.909,0.0662,0.994,0.89,0.104,0.292,71.599,piano
0.406,0.0998,5,-17.966,0.0548,0.992,0.896,0.0911,0.216,142.217,piano
0.198,0.182,4,-20.989,0.0427,0.993,0.897,0.0963,0.326,168.318,piano
0.375,0.106,4,-16.516,0.0502,0.993,0.923,0.0804,0.165,155.613,piano
0.399,0.133,3,-18.402,0.0492,0.993,0.917,0.129,0.299,72.123,piano
0.401,0.0785,0,-17.688,0.0588,0.991,0.93,0.0846,0.19,136.903,piano
0.314,0.229,9,-16.564,0.036,0.993,0.83,0.0655,0.196,87.947,piano
0.381,0.0926,9,-18.762,0.0632,0.989,0.897,0.0877,0.125,129.904,piano
0.257,0.117,11,-19.492,0.0471,0.987,0.901,0.0957,0.121,60.246,piano
0.145,0.328,2,-16.306,0.0415,0.977,0.834,0.137,0.291,169.69,piano
0.308,0.201,11,-17.627,0.0468,0.973,0.917,0.106,0.12,77.319,piano
0.398,0.072,9,-18.912,0.0443,0.991,0.916,0.141,0.413,104.686,piano
0.519,0.0516,1,-17.723,0.0431,0.991,0.922,0.13,0.106,113.008,piano
0.471,0.0147,3,-19.862,0.0609,0.989,0.889,0.0979,0.515,128.987,piano
0.354,0.266,10,-16.816,0.0367,0.989,0.937,0.161,0.226,80.896,piano
0.198,0.25,4,-17.056,0.0394,0.98,0.888,0.111,0.189,173.869,piano
0.333,0.114,1,-17.521,0.0387,0.975,0.887,0.107,0.139,61.2,piano
0.341,0.167,4,-17.974,0.036,0.98,0.917,0.0973,0.0715,88.634,piano
0.442,0.126,5,-18.208,0.0412,0.984,0.931,0.0944,0.078,124.735,piano
0.424,0.0408,4,-18.581,0.0523,0.984,0.898,0.115,0.265,132.957,piano
0.543,0.051,11,-17.877,0.0759,0.988,0.92,0.0992,0.179,63.292,piano
0.378,0.261,0,-16.643,0.039,0.947,0.936,0.0876,0.137,141.12,piano
0.251,0.118,8,-18.969,0.0414,0.981,0.884,0.132,0.199,92.209,piano
0.389,0.172,3,-15.513,0.0391,0.987,0.82,0.102,0.292,82.416,piano
0.624,0.071,4,-18.381,0.0405,0.988,0.837,0.111,0.223,141.719,piano
0.123,0.103,11,-17.91,0.0402,0.966,0.598,0.106,0.0831,93.592,piano
0.326,0.0635,1,-19.506,0.0478,0.994,0.931,0.0886,0.22,76.825,piano
0.442,0.341,5,-11.109,0.0328,0.985,0.584,0.117,0.118,105.045,piano
0.226,0.183,7,-16.205,0.0423,0.975,0.807,0.127,0.207,84.719,piano
0.294,0.139,4,-18.174,0.0365,0.982,0.866,0.12,0.111,140.295,piano
0.301,0.263,2,-13.932,0.0364,0.946,0.0832,0.206,0.189,46.535,piano
0.225,0.133,4,-17.643,0.0398,0.958,0.883,0.0986,0.147,72.287,piano
0.335,0.224,2,-14.953,0.0309,0.981,0.898,0.111,0.461,79.361,piano
0.35,0.205,5,-17.011,0.0348,0.955,0.899,0.107,0.178,76.997,piano
